{"count":1,"gauges":{},"self":61.670572799999995,"total":68.8305132,"children":{"AgentResetIfDone":{"count":3428,"self":0.045167399999999996,"total":0.045167399999999996,"children":null},"AgentSendState":{"count":3428,"self":0.320704,"total":1.0467861999999999,"children":{"CollectObservations":{"count":17140,"self":0.7260822,"total":0.7260822,"children":null}}},"DecideAction":{"count":3428,"self":5.8707816,"total":5.8707813999999994,"children":null},"AcademyStep":{"count":3428,"self":0.004908,"total":0.004908,"children":null},"AgentAct":{"count":3428,"self":0.1912953,"total":0.1912953,"children":null}}}